"1","contact","–ü–æ–¥–µ–ª–∏—Ç–µ—Å—å –∫–æ–Ω—Ç–∞–∫—Ç–æ–º –∏–ª–∏ –Ω–∞–ø–∏—à–∏—Ç–µ –¥—Ä—É–≥–æ–π –Ω–æ–º–µ—Ä, \n–ø—Ä–∏–º–µ—Ä: 998 90 123 45 67","2022-08-30 04:30:54.952912","2022-08-30 04:30:54.952951","0",NULL
"2","contact_error","–í–≤–µ–¥–∏—Ç–µ –ø—Ä–∞–≤–∏–ª—å–Ω—ã–π –Ω–æ–º–µ—Ä —Ç–µ–ª–µ—Ñ–æ–Ω–∞, \n–ø—Ä–∏–º–µ—Ä: 998 90 123 45 67","2022-08-30 05:08:00.444173","2022-08-30 05:08:00.444209","0",NULL
"3","select_region","–í—ã–±–µ—Ä–∏—Ç–µ —Ä–µ–≥–∏–æ–Ω","2022-08-30 05:24:42.284756","2022-08-30 05:32:37.225464","0",NULL
"4","format_error","–ù–µ–≤–µ—Ä–Ω—ã–π —Ñ–æ—Ä–º–∞—Ç –≤–≤–æ–¥–∞","2022-08-30 05:27:36.439329","2022-08-30 05:27:36.439366","0",NULL
"5","select_shop","–í—ã–±–µ—Ä–∏—Ç–µ –º–∞–≥–∞–∑–∏–Ω","2022-08-30 05:32:28.376160","2022-08-30 05:32:45.279821","0",NULL
"6","select_department","–í—ã–±–µ—Ä–∏—Ç–µ –æ—Ç–¥–µ–ª","2022-08-30 06:52:13.973570","2022-08-30 06:52:13.973600","0",NULL
"7","select_problem","–í—ã–±–µ—Ä–∏—Ç–µ –ø—Ä–æ–±–ª–µ–º—É","2022-08-30 06:54:24.684936","2022-08-30 06:54:24.684974","0",NULL
"8","select_disparity","–í—ã–±–µ—Ä–∏—Ç–µ –Ω–µ—Å–æ–æ—Ç–≤–µ—Ç—Å—Ç–≤–∏–µ","2022-08-30 07:43:31.269565","2022-08-30 07:43:31.269597","0",NULL
"9","upload_photo","–ù–∞–∂–º–∏—Ç–µ –Ω–∞ —Å–∫—Ä–µ–ø–∫—É üìé —Å–ª–µ–≤–∞ –æ—Ç –ø–æ–ª—è –≤–≤–æ–¥–∞ —Ç–µ–∫—Å—Ç–∞","2022-08-30 09:15:52.161656","2022-08-30 10:56:39.364149","0",NULL
"10","write_comment","–ù–∞–ø–∏—à–∏—Ç–µ –∫–æ–º–º–µ–Ω—Ç–∞—Ä–∏–π","2022-08-30 10:11:54.399692","2022-08-30 10:11:54.399734","0",NULL
"11","cancel_app","–í–∞—à–∞ –∑–∞—è–≤–∫–∞ –æ—Ç–º–µ–Ω–µ–Ω–∞","2022-08-30 10:43:12.298528","2022-08-30 10:43:12.298575","0",NULL
"12","confirm_app","–í–∞—à–∞ –∑–∞—è–≤–∫–∞ –ø—Ä–∏–Ω—è—Ç–∞","2022-08-30 10:43:32.287397","2022-08-30 10:43:32.287436","0",NULL
"13","create_more_app","–û—Ç–ø—Ä–∞–≤–∏–º –µ—â–µ? =)","2022-08-30 10:43:46.307565","2022-08-30 10:43:46.307617","0",NULL
